id,name,category,image,naver_id,bgg_id,status,difficulty,genre,players,tags,total_views,dibs_count,review_count,avg_rating,renter,due_date,condition
1,1%의 기적,보드게임,https://image.yes24.com/goods/129384412/XL,,,AVAILABLE,1.6,파티/행운,3~6,,84,3,1,5,,,
2,12칩 트릭,보드게임,https://shopping-phinf.pstatic.net/main_4829326/48293261554.20240625092259.jpg,48293261554,395641,RENTED,1.58,트릭테이킹,3~4,,83,4,0,0,admin,2025-12-24T14:32:19.898Z,
3,감자의 꿈,머더미스터리,https://img.tumblbug.com/eyJidWNrZXQiOiJ0dW1ibGJ1Zy1pbWctcHJvZCIsImtleSI6ImNvdmVyLzM3NWZmM2QwLTA3NjctNDJlYS04Mjk3LTk4ODhkNzI1MjExNC8xNTc4ZDkzYS1hMDZkLTQ4MzYtOTFmYy0yYTBiMzc5N2U4YjUucG5nIiwiZWRpdHMiOnsicmVzaXplIjp7IndpZHRoIjoxMDAwLCJoZWlnaHQiOjEwMDAsIndpdGhvdXRFbmxhcmdlbWVudCI6dHJ1ZSwiZml0IjpudWxsfSwicm91bmRDcm9wIjpmYWxzZSwicm90YXRlIjpudWxsfX0=,,,AVAILABLE,2,추리/머더,5~5,,116,12,4,5,,,
4,갬블러 X 갬블!,보드게임,https://shopping-phinf.pstatic.net/main_8481052/84810526357.1.jpg,84810526357,163623,AVAILABLE,1.33,배팅/블러핑,3~4,,39,3,0,0,,,
5,갱 오브 다이스,보드게임,https://shopping-phinf.pstatic.net/main_3600717/36007170848.20221122094328.jpg,36007170848,365738,AVAILABLE,1.2,주사위/파티,2~5,,23,4,0,0,,,
6,갱스터스 딜레마,보드게임,https://shopping-phinf.pstatic.net/main_8999901/89999018406.jpg,89999018406,355609,AVAILABLE,1.83,블러핑/전략,3~7,,12,1,0,0,,,
7,구두룡 저택의 살인,머더미스터리,https://shopping-phinf.pstatic.net/main_5664168/56641683003.jpg,56641683003,,AVAILABLE,2,추리/머더,7~9,,17,3,0,0,,,
8,그러는 너는 어떤데?,보드게임,https://encrypted-tbn0.gstatic.com/images?q=tbn:ANd9GcQRPY7lPji5FTHpodQeovYM_OAIgnT9b2w-AGaec09b6JGvngkscLsABFS9qhgHirnrSqs&usqp=CAU,,,AVAILABLE,1.7,파티,3~5,,21,1,1,5,,,
9,그러는 너는 어떤데? 리벤지,보드게임,https://encrypted-tbn0.gstatic.com/images?q=tbn:ANd9GcSrLRhWMYwvQRIpYmwMEsCYjQwjlxy1efYhzA&s,,,AVAILABLE,1.7,파티,3~5,,13,2,0,0,,,
8866,그림자 찾기,머더미스터리,https://shopping-phinf.pstatic.net/main_8887661/88876615858.jpg,88876615858,,AVAILABLE,2.5,추리/머더,6~6,#머더부,2,1,0,0,,,
193,글룸헤이븐,보드게임,https://shopping-phinf.pstatic.net/main_8290219/82902192669.jpg,82902192669,174430,AVAILABLE,3.85,협력/던전,1~4,#3학점 #25,2,0,0,0,,,
10,꼬치의 달인,보드게임,https://shopping-phinf.pstatic.net/main_4901806/49018064543.20250326025233.jpg,49018064543,249688,AVAILABLE,1.2,순발력/액션,2~4,#순발력 #팀모임 #룸메,14,4,1,5,,,
11,너냐?!,TRPG,https://encrypted-tbn0.gstatic.com/images?q=tbn:ANd9GcTdY6fbw-arTuoX5Z-uvvoAdK9wnjRLa6NC4A&s,,,AVAILABLE,1.7,TRPG,2~5,,1,0,0,0,,,
12,노 터치 크라켄,보드게임,https://shopping-phinf.pstatic.net/main_5669867/56698679483.jpg,56698679483,206927,AVAILABLE,1.19,블러핑/파티,4~6,#마피아 #팀모임,18,5,0,0,,,
13,노닥노닥 TRPG,보드게임,https://shopping-phinf.pstatic.net/main_8271132/82711320155.jpg,82711320155,,AVAILABLE,1,TRPG,3~5,,10,1,1,5,,,
196,노땡스,보드게임,https://encrypted-tbn0.gstatic.com/images?q=tbn:ANd9GcRI-19283tYV67D_-pz8vMTm61ihzaqwnnYzA&s,,12942,AVAILABLE,1.1,카드/경매,3~5,#팀모임 #룸메 #25,7,1,0,0,,,
14,노팅엄의 지방관,보드게임,https://shopping-phinf.pstatic.net/main_5678544/56785441716.jpg,56785441716,157969,AVAILABLE,1.69,블러핑/협상,3~6,#인기 #룸메,3,0,1,5,,,
15,늑대인간 마을의 축제,머더미스터리,https://shopping-phinf.pstatic.net/main_5773508/57735083621.jpg,57735083621,,AVAILABLE,2.5,추리/머더,7~8,#머더부,11,0,0,0,,,
16,다빈치 코드,보드게임,https://shopping-phinf.pstatic.net/main_5606874/5606874817.20210423112536.jpg,5606874817,6383,AVAILABLE,1.47,추리/논리,2~4,#팀모임,2,1,0,0,,,
17,다이얼렉트,TRPG,https://img.tumblbug.com/eyJidWNrZXQiOiJ0dW1ibGJ1Zy1pbWctcHJvZCIsImtleSI6ImNvdmVyLzJiODRjMDg3LTY2ZmUtNGRmYi1hZTA1LWZjN2FkZWE0Y2ZmYy8xODNkYjU4YS1hN2ZlLTQ2MzctOWI1MS03Mjc5Y2I0ZTZkZGEuanBlZyIsImVkaXRzIjp7InJlc2l6ZSI6eyJ3aWR0aCI6MTAwMCwiaGVpZ2h0IjoxMDAwLCJ3aXRob3V0RW5sYXJnZW1lbnQiOnRydWUsImZpdCI6bnVsbH0sInJvdW5kQ3JvcCI6ZmFsc2UsInJvdGF0ZSI6bnVsbH19,,256860,AVAILABLE,1,TRPG,3~5,,0,0,0,0,,,
18,다이얼렉트 덱,TRPG,https://img.tumblbug.com/eyJidWNrZXQiOiJ0dW1ibGJ1Zy1pbWctcHJvZCIsImtleSI6ImNvdmVyLzJiODRjMDg3LTY2ZmUtNGRmYi1hZTA1LWZjN2FkZWE0Y2ZmYy8xODNkYjU4YS1hN2ZlLTQ2MzctOWI1MS03Mjc5Y2I0ZTZkZGEuanBlZyIsImVkaXRzIjp7InJlc2l6ZSI6eyJ3aWR0aCI6MTAwMCwiaGVpZ2h0IjoxMDAwLCJ3aXRob3V0RW5sYXJnZW1lbnQiOnRydWUsImZpdCI6bnVsbH0sInJvdW5kQ3JvcCI6ZmFsc2UsInJvdGF0ZSI6bnVsbH19,,,AVAILABLE,1,TRPG,3~5,,0,0,0,0,,,
19,달무티,보드게임,https://shopping-phinf.pstatic.net/main_1234659/12346598153.20250327155135.jpg,12346598153,929,AVAILABLE,1.28,카드/파티,4~8,#팀모임 #인기,16,1,3,4,,,
20,당신은 사건현장에 있습니다 2,TRPG,https://image.yes24.com/goods/118268125/XL,,,AVAILABLE,1,TRPG,1~4,,0,0,0,0,,,
21,더 게임,보드게임,https://shopping-phinf.pstatic.net/main_8343400/83434003560.jpg,83434003560,168170,AVAILABLE,1.24,협력/카드,1~5,#룸메,2,0,1,5,,,
22,더 지니어스 : 호러 레이스,보드게임,https://i.namu.wiki/i/0bo2_Ei0myQKit7bwovSRiV5V97tiisSkKFCCq_TMP3WxW_WzLQmxRO_DEZHwwqo1y7R2xvHFTzJy1N6ux0z7A.webp,,175641,AVAILABLE,1.5,레이싱/전략,3~9,,2,0,0,0,,,
23,던전월드,TRPG,https://contents.kyobobook.co.kr/sih/fit-in/458x0/pdt/9788988060186.jpg,,,AVAILABLE,2.5,TRPG,3~5,,2,1,0,0,,,
24,도적단의 월급날,보드게임,https://shopping-phinf.pstatic.net/main_5312712/53127128576.20250220213328.jpg,53127128576,172403,AVAILABLE,1.5,협상/파티,2~4,#룸메,1,0,0,0,,,
4732,도적단의 월급날,보드게임,https://shopping-phinf.pstatic.net/main_5312712/53127128576.20250220213328.jpg,,,AVAILABLE,1.5,추리/파티,2~4인,#파티 #룸메 #25,1,0,0,0,,,
25,두부 왕국,보드게임,https://image.yes24.com/goods/60203420/XL,,184334,AVAILABLE,1.58,추리/파티,3~8,,1,0,0,0,,,
26,디크립토,보드게임,https://shopping-phinf.pstatic.net/main_5341039/53410393163.20250307102853.jpg,53410393163,225694,AVAILABLE,1.83,단어/파티,3~8,,0,0,0,0,,,
27,라멘! 라멘!,보드게임,https://item.elandrs.com/r/image/oa/2024-11-04/49cc596b-23c8-459f-8288-82f810f9153a.jpg?w=750&h=&q=100,,235359,AVAILABLE,1.46,세트컬렉션,1~4,,5,0,0,0,,,
28,라스베가스,보드게임,https://i.namu.wiki/i/l7Cl8sJHwtAO-jc8aYeq_4dEJyfDeTVQICPsQCLCvN22qdGJlsyGNUTzkjW2b4srGu6cF9uBewDuipUwwJRj8g.webp,,118048,AVAILABLE,1.18,주사위/파티,2~5,,1,0,0,0,,,
29,러브레터,보드게임,https://shopping-phinf.pstatic.net/main_2405590/24055903513.20230325073148.jpg,24055903513,129622,AVAILABLE,1.17,블러핑/파티,2~4,,1,0,0,0,,,
30,레디 셋 벳,보드게임,https://shopping-phinf.pstatic.net/main_4791532/47915328840.20250115004622.jpg,47915328840,351913,AVAILABLE,1.3,레이싱/파티,2~9,,2,0,0,0,,,
31,레지스탕스 아발론,보드게임,https://shopping-phinf.pstatic.net/main_1945455/19454557879.20210708112158.jpg,19454557879,128882,AVAILABLE,1.74,마피아/블러핑,5~10,#마피아 #팀모임,4,0,0,0,,,
4851,레지스탕스 아발론,보드게임,https://shopping-phinf.pstatic.net/main_1945455/19454557879.20210708112158.jpg,,,AVAILABLE,1.74,마피아/블러핑,5~10인,#마피아 #팀모임 #25,5,0,0,0,,,
32,렉시오,보드게임,https://shopping-phinf.pstatic.net/main_8397328/83973289650.jpg,83973289650,252538,AVAILABLE,1.92,타일/전략,3~5,,4,0,0,0,,,
33,로보 77,보드게임,https://shopping-phinf.pstatic.net/main_6718084/6718084537.20210602135311.jpg,6718084537,18984,AVAILABLE,1.05,카드/파티,2~8,,0,0,0,0,,,
34,로빈 후드의 모험,보드게임,https://encrypted-tbn0.gstatic.com/images?q=tbn:ANd9GcR8xuv1iqSPj-X7Uh0_owUIwSGIqvvGvBr2Rw&s,,329447,AVAILABLE,1.84,어드벤처/협력,2~4,#3학점,1,0,0,0,,,
35,로스트 시티,보드게임,https://shopping-phinf.pstatic.net/main_2064192/20641926168.20190816144714.jpg,20641926168,50,AVAILABLE,1.49,카드/전략,2~2,,0,0,0,0,,,
36,로오-딩,보드게임,https://m.mtsgames.kr/web/product/big/202505/12a0f085bc920c43102313e4846634f4.png,,266620,AVAILABLE,1.2,실시간/파티,2~7,#순발력,2,0,0,0,,,
37,롱 샷,보드게임,https://thumbnail.coupangcdn.com/thumbnails/remote/492x492ex/image/vendor_inventory/4cbe/422a134f41af71f3c54093540150d02a29d8bf9fcfec3ba7e02038cc797a.jpg,,3775,AVAILABLE,1.94,레이싱/파티,1~8,,5,0,0,0,,,
38,루미큐브,보드게임,https://shopping-phinf.pstatic.net/main_5672092/5672092838.20230324153029.jpg,5672092838,811,AVAILABLE,1.77,타일/전략,2~4,#팀모임,0,0,0,0,,,
39,루트,보드게임,https://i.namu.wiki/i/RimreD7OO7q6AFjR3V_EwWOBTeH5IneBoGlinhIbHLT7HZIZeb_v1J6v6YyUPywH_zy1pz3M4MlcM4vZ8QouHA.webp,,237182,AVAILABLE,3.84,전쟁/비대칭,2~4,#3학점,3,0,0,0,,,
40,루트 확장판 : 리버포크,보드게임,https://encrypted-tbn0.gstatic.com/images?q=tbn:ANd9GcQPlVRcdkXi3lTdJ-MnvACO_Ezliygf0FLhBw&s,,240212,AVAILABLE,3.87,확장,2~6,#3학점,0,0,0,0,,,
41,마기카로기아 : 황혼선서,TRPG,https://shopping-phinf.pstatic.net/main_9027346/90273468121.jpg,90273468121,,AVAILABLE,2.5,TRPG,2~5,,0,0,0,0,,,
42,마기카로기아 기본 룰 북,TRPG,https://shopping-phinf.pstatic.net/main_9027346/90273468111.jpg,90273468111,,AVAILABLE,2.5,TRPG,2~5,,0,0,0,0,,,
43,마법사와 잠자는 숲,머더미스터리,https://encrypted-tbn0.gstatic.com/images?q=tbn:ANd9GcQgaH6HhlDwT9nHN6ctILYKW6ok7bo5nSEjKVo4qXRlVZBH7JjI641G1FuTXvSu6bTktW0&usqp=CAU,,,AVAILABLE,2.5,추리/머더,2~2,,1,0,0,0,,,
44,머핀타임,보드게임,https://shopping-phinf.pstatic.net/main_4819154/48191547535.20250829155849.jpg,48191547535,300424,AVAILABLE,1.03,파티,2~8,#순발력 #팀모임,4,0,1,5,,,
45,먼치킨,보드게임,https://i.namu.wiki/i/nUWY2Yk1yNQnOG59lshvk_IgXIKdFqJheR7vqJdQpfV1jHuoyo06IPCbWxy2Dni-XpxI3JBJZSXnDk91kQ8I-g.webp,,1927,AVAILABLE,1.8,카드/전략,3~6,,1,0,0,0,,,
54,몇 번이고 푸른 달에 불을 붙였다,머더미스터리,https://shopping-phinf.pstatic.net/main_5773438/57734385713.1.jpg,57734385713,,AVAILABLE,2.5,추리/머더,6~7,,6,0,0,0,,,
46,무녀마을 금기의 저주,머더미스터리,https://shopping-phinf.pstatic.net/main_8830864/88308645149.jpg,88308645149,,AVAILABLE,2.5,추리/머더,6~6,,1,0,0,0,,,
47,문스톤 저택 살인 사건,머더미스터리,https://encrypted-tbn0.gstatic.com/images?q=tbn:ANd9GcQ3b_QhgUzIgW2aCb8QCeTt4QkEcGPopfWqyw&s,53347118064,,AVAILABLE,2.5,추리/머더,4~4,,3,0,0,0,,,
48,미스터리 포켓 : 막이 내리다,머더미스터리,https://shopping-phinf.pstatic.net/main_4480427/44804272346.20231221212719.jpg,44804272346,,AVAILABLE,1,추리/머더,1~6,,0,0,0,0,,,
49,미크로 마크로 : 크라임시티,보드게임,https://shopping-phinf.pstatic.net/main_3954837/39548378939.20240625144354.jpg,39548378939,313936,AVAILABLE,1.15,추리/숨은그림,1~4,,0,0,0,0,,,
50,바보타임,보드게임,https://shopping-phinf.pstatic.net/main_4823378/48233782619.20240624112909.jpg,48233782619,,AVAILABLE,1.33,파티,3~8,,3,0,1,5,,,
7277,바퀴벌레 샐러드,보드게임,https://shopping-phinf.pstatic.net/main_5219380/52193800782.20241231002722.jpg,,,AVAILABLE,1.13,패턴/순발력,3~6인,#순발력 #25,0,0,0,0,,,
51,바퀴벌레 포커 로얄,보드게임,https://shopping-phinf.pstatic.net/main_2406260/24062602745.20250227165819.jpg,24062602745,105551,AVAILABLE,1.14,블러핑,2~6,#팀모임 #룸메,5,1,0,0,,,
6751,바퀴벌레 포커 로얄,보드게임,https://shopping-phinf.pstatic.net/main_2406260/24062602745.20250227165819.jpg,,,AVAILABLE,1.14,심리/블러핑,2~4인,#팀모임 #룸메 #25,0,0,0,0,,,
3267,뱅,보드게임,https://shopping-phinf.pstatic.net/main_3822619/38226199069.20230316051820.jpg,,,AVAILABLE,1.63,서부/블러핑,4~7인,#팀모임 #25,1,0,0,0,,,
52,뱅 확장판 모음,보드게임,https://shopping-phinf.pstatic.net/main_2128088/21280885905.20191111200735.jpg,21280885905,,AVAILABLE,1.65,확장,4~7,,0,0,0,0,,,
53,뱅!,보드게임,https://shopping-phinf.pstatic.net/main_3822619/38226199069.20230316051820.jpg,38226199069,3955,AVAILABLE,1.65,서부/블러핑,4~7,#팀모임,1,0,0,0,,,
194,별의 소원,보드게임,https://encrypted-tbn0.gstatic.com/images?q=tbn:ANd9GcSMejO-cJVAXHvAoPQKjBF_Ghsh1CzBO0dkLg&s,,266192,AVAILABLE,2,테마,2~4,#25,2,0,0,0,,,
55,보난자,보드게임,https://thumbnail.coupangcdn.com/thumbnails/remote/492x492ex/image/retail/images/1395616174502838-81ad64f3-dfcc-43c6-874b-a80a7da0cdeb.png,,11,AVAILABLE,1.65,협상,2~7,#팀모임,1,0,0,0,,,
56,보난자,보드게임,https://thumbnail.coupangcdn.com/thumbnails/remote/492x492ex/image/retail/images/1395616174502838-81ad64f3-dfcc-43c6-874b-a80a7da0cdeb.png,,11,AVAILABLE,1.65,협상,2~7,#팀모임,0,0,0,0,,,
57,보통의 머더미스터리,머더미스터리,https://shopping-phinf.pstatic.net/main_8850393/88503933094.jpg,88503933094,,AVAILABLE,2.5,추리/머더,5~5,,0,0,0,0,,,
58,브레인 스톰,보드게임,https://shopping-phinf.pstatic.net/main_4305076/43050763311.20241201005040.jpg,43050763311,16568,AVAILABLE,1,파티,2~10,,1,0,0,0,,,
5572,브레인 스톰,보드게임,https://shopping-phinf.pstatic.net/main_5671920/56719208116.20250913144017.jpg,,,AVAILABLE,1,파티/단어,2~4인,#순발력 #파티 #25,1,0,0,0,,,
59,브릿지카드,보드게임,https://shopping-phinf.pstatic.net/main_8012319/80123190549.1.jpg,80123190549,,AVAILABLE,1,카드,2~4,,0,0,0,0,,,
60,블랙 스토리즈 : 운수 나쁜 날,보드게임,https://shopping-phinf.pstatic.net/main_8786823/87868230457.jpg,87868230457,205216,AVAILABLE,1.33,추리/스토리,2~15,,0,0,0,0,,,
61,블랙 스토리즈 : 폭망한 사건들,보드게임,https://shopping-phinf.pstatic.net/main_8786823/87868230250.jpg,87868230250,205216,AVAILABLE,2,추리/스토리,2~99,,0,0,0,0,,,
62,블랙 스토리즈 : 황당한 죽음,보드게임,https://shopping-phinf.pstatic.net/main_5645459/56454597388.1.jpg,56454597388,18803,AVAILABLE,2,추리/스토리,2~99,,0,0,0,0,,,
63,블리츠!,보드게임,https://shopping-phinf.pstatic.net/main_1506420/15064207465.20250826162950.jpg,15064207465,140236,AVAILABLE,1.04,순발력,3~6,#순발력,0,0,0,0,,,
64,사건의 재구성,보드게임,https://shopping-phinf.pstatic.net/main_3075615/30756159054.20220201005506.jpg,30756159054,240970,AVAILABLE,2.06,추리/앱연동,1~4,,0,0,0,0,,,
65,사무라이 소드,보드게임,https://encrypted-tbn0.gstatic.com/images?q=tbn:ANd9GcSj1zRqCCzDVYaiRol_AC8lAK6bLVWo3EnfvQ&s,,128668,AVAILABLE,1.75,마피아/블러핑,3~7,#마피아,0,0,0,0,,,
66,사보타지,보드게임,https://shopping-phinf.pstatic.net/main_1762968/17629682428.20251020142500.jpg,17629682428,9220,AVAILABLE,1.32,블러핑/경로,3~10,#마피아  #룸메,1,0,0,0,,,
67,사이쓰,보드게임,https://shopping-phinf.pstatic.net/main_5673231/56732312502.20250914224357.jpg,56732312502,169786,AVAILABLE,3.45,경제/전략,1~5,#3학점,0,0,0,0,,,
68,섀도우 레이더스,보드게임,https://shopping-phinf.pstatic.net/main_5449238/54492382744.20250429192454.jpg,54492382744,253569,AVAILABLE,1.67,마피아/추리,4~8,#마피아,1,0,0,0,,,
69,서스펙트 게임,보드게임,https://shopping-phinf.pstatic.net/main_8455663/84556638041.1.jpg,84556638041,,AVAILABLE,2.5,추리,4,,0,0,0,0,,,
70,서스펙트 게임 : 리로드,보드게임,https://shopping-phinf.pstatic.net/main_5772755/57727559694.20251111213941.jpg,57727559694,,AVAILABLE,2.5,추리,4,,0,0,0,0,,,
71,세 자매,보드게임,https://encrypted-tbn0.gstatic.com/images?q=tbn:ANd9GcRPxRybMzD2pF4mLW0MpCNfJcOKXN_oVtOp4w&s,,313695,AVAILABLE,2.6,전략/주사위,1~4,,0,0,0,0,,,
197,세븐 원더스 : 듀얼,보드게임,https://shopping-phinf.pstatic.net/main_5662997/56629971948.20250907173848.jpg,56629971948,173346,AVAILABLE,2.2,전략/2인,2~2,#커플 #25,1,0,0,0,,,
195,세트,보드게임,https://encrypted-tbn0.gstatic.com/images?q=tbn:ANd9GcQkiVfRCjbrxZnVXY83USGIFk__4rVD5a-QWg&s,,1198,AVAILABLE,1.6,패턴/실시간,1~8,#순발력 #25,1,0,0,0,,,
72,셀레스티아,보드게임,https://shopping-phinf.pstatic.net/main_2154506/21545063162.20191217172057.jpg,21545063162,175117,AVAILABLE,1.32,어드벤처,2~6,,0,0,0,0,,,
73,솔라리움 2,보드게임,https://shopping-phinf.pstatic.net/main_8121405/81214052181.2.jpg,81214052181,,AVAILABLE,1,질문카드,2~6,,0,0,0,0,,,
74,스몰 월드 오브 워크래프트,보드게임,https://shopping-phinf.pstatic.net/main_9013955/90139550072.jpg,90139550072,309630,AVAILABLE,2.69,판타지/지역장악,2~5,,0,0,0,0,,,
75,스토리의 신,보드게임,https://encrypted-tbn0.gstatic.com/images?q=tbn:ANd9GcQ1v6EBVCiPvH-fFY-ga8U1CWl9cCMBaC-07w&s,,,AVAILABLE,1,스토리,3~8,,0,0,0,0,,,
76,스파이시,보드게임,https://shopping-phinf.pstatic.net/main_5352742/53527424683.20250313090910.jpg,53527424683,299169,AVAILABLE,1.32,블러핑,2~6,#룸메,1,0,0,0,,,
77,스플렌더,보드게임,https://shopping-phinf.pstatic.net/main_1724720/17247202786.20250630081912.jpg,17247202786,148228,AVAILABLE,1.78,엔진빌딩,2~4,#팀모임 #룸메,7,1,1,5,,,
78,스플렌더,보드게임,https://shopping-phinf.pstatic.net/main_1724720/17247202786.20250630081912.jpg,17247202786,148228,AVAILABLE,1.78,엔진빌딩,2~4,#팀모임 #룸메,2,1,0,0,,,
79,슬기로운 생존생활 : 빙하기편,보드게임,https://shopping-phinf.pstatic.net/main_8216963/82169631131.1.jpg,82169631131,,AVAILABLE,1.5,자원관리,3~4,,0,0,0,0,,,
80,시체와 온천,머더미스터리,https://shopping-phinf.pstatic.net/main_5753004/57530043401.jpg,57530043401,,AVAILABLE,2.5,추리/머더,4~5,#머더부,4,0,0,0,,,
199,시체와 온천,머더미스터리,https://shopping-phinf.pstatic.net/main_5753004/57530043401.jpg,57530043401,,AVAILABLE,2.5,추리/머더,4~5,#머더부,1,0,0,0,,,
81,시크릿 히틀러,보드게임,https://shopping-phinf.pstatic.net/main_5425867/54258677522.20250417185614.jpg,54258677522,188834,AVAILABLE,1.68,마피아/블러핑,5~10,#마피아,4,0,1,5,,,
82,시타델,보드게임,https://shopping-phinf.pstatic.net/main_4538000/45380002311.20240709035458.jpg,45380002311,478,AVAILABLE,2.05,블러핑/건설,2~8,,0,0,0,0,,,
83,시타델,보드게임,https://shopping-phinf.pstatic.net/main_4538000/45380002311.20240709035458.jpg,45380002311,478,AVAILABLE,2.05,블러핑/건설,2~8,,0,0,0,0,,,
84,신비로운 요괴 : 저녁노을어스름,TRPG,https://thumbnail.coupangcdn.com/thumbnails/remote/492x492ex/image/vendor_inventory/6ea9/6f45ce9cc67db206063c60ba085c17ed32a83effd34ab1b740826b7dcf3e.jpg,,,AVAILABLE,2,TRPG,3~5,,0,0,0,0,,,
85,아임 더 보스!,보드게임,https://shopping-phinf.pstatic.net/main_2404295/24042954550.20241218024922.jpg,24042954550,110955,AVAILABLE,1.96,협상,3~6,,0,0,0,0,,,
86,아컴 미스터리 : 광기로 물든 사건집,보드게임,https://shopping-phinf.pstatic.net/main_5780288/57802885558.20251118010421.jpg,57802885558,232361,AVAILABLE,2.13,추리/협력,1~10,#3학점,0,0,0,0,,,
87,아컴 호러,보드게임,https://shopping-phinf.pstatic.net/main_5686380/56863807617.20250922152106.jpg,56863807617,15987,AVAILABLE,3.6,테마/공포,1~8,#3학점,0,0,0,0,,,
88,아컴호러 카드게임,보드게임,https://shopping-phinf.pstatic.net/main_5686380/56863807617.20250922152106.jpg,56863807617,205637,AVAILABLE,3.5,테마/카드,1~2,#3학점,0,0,0,0,,,
89,아컴호러 카드게임,보드게임,https://shopping-phinf.pstatic.net/main_5686380/56863807617.20250922152106.jpg,56863807617,205637,AVAILABLE,3.5,테마/카드,1~2,#3학점,0,0,0,0,,,
90,안방극장대모험,TRPG,https://godomall.speedycdn.net/779e01b9dddb1640fae9a963a3bf3b7c/goods/1000000079/image/detail/1000000079_detail_031.JPG,,,AVAILABLE,1.5,TRPG,3~5,,0,0,0,0,,,
91,액트 맥베스,머더미스터리,https://shopping-phinf.pstatic.net/main_8668852/86688523290.1.jpg,86688523290,,AVAILABLE,2.5,추리/머더,1~3,,0,0,0,0,,,
92,언락 1,보드게임,https://shopping-phinf.pstatic.net/main_5700438/57004384941.20250930184733.jpg,57004384941,216093,AVAILABLE,2.23,방탈출,1~6,,0,0,0,0,,,
93,언락 6,보드게임,https://shopping-phinf.pstatic.net/main_8573962/85739623395.2.jpg,85739623395,309930,AVAILABLE,2.23,방탈출,1~6,,0,0,0,0,,,
94,에버델,보드게임,https://shopping-phinf.pstatic.net/main_5663124/56631249820.20250907234301.jpg,56631249820,194655,AVAILABLE,2.8,일꾼놓기,1~4,,0,0,0,0,,,
95,에이다,머더미스터리,https://encrypted-tbn0.gstatic.com/images?q=tbn:ANd9GcTFs3_8BdyWKNYfQE5Uc_T2miVQZMpkoNHt7g&s,,,AVAILABLE,2.5,추리/머더,5~5,#머더부,4,0,0,0,,,
96,엘 그란데 빅 박스,보드게임,https://encrypted-tbn0.gstatic.com/images?q=tbn:ANd9GcShtnrZZvLvwZEGfH_DziHIg4GYnGmYceFR-g&s,,173258,AVAILABLE,2.8,영향력,2~5,,0,0,0,0,,,
97,옛날 옛적에,보드게임,https://shopping-phinf.pstatic.net/main_4118918/41189188135.20230714134152.jpg,41189188135,1234,AVAILABLE,1.3,스토리텔링,2~6,,0,0,0,0,,,
98,오토배틀 챌린저스!,보드게임,https://shopping-phinf.pstatic.net/main_8861285/88612853765.jpg,88612853765,359438,AVAILABLE,1.8,덱빌딩,1~8,,0,0,0,0,,,
99,왕좌의 게임 보드게임,보드게임,https://encrypted-tbn0.gstatic.com/images?q=tbn:ANd9GcTuXOZeFCT5ZEbFfC7KUgS4PYRaUnWtj2B3nw&s,,103343,AVAILABLE,3.7,전략/전쟁,3~6,#3학점,0,0,0,0,,,
100,요트다이스,보드게임,https://shopping-phinf.pstatic.net/main_2927492/29274929021.20250325114117.jpg,29274929021,2253,AVAILABLE,1.18,주사위,2~6,,0,0,0,0,,,
101,용사가 죽었다,머더미스터리,https://shopping-phinf.pstatic.net/main_5375490/53754909361.jpg,53754909361,,AVAILABLE,2.5,추리/머더,4~5,,1,0,0,0,,,
102,워드캡처,보드게임,https://shopping-phinf.pstatic.net/main_5781652/57816528588.1.jpg,57816528588,276326,AVAILABLE,1.2,단어,2~6,,0,0,0,0,,,
103,월드 오브 워크래프트 : 리치 왕의 분노 - 팬데믹 보드게임,보드게임,https://shopping-phinf.pstatic.net/main_9020408/90204082850.jpg,90204082850,342848,AVAILABLE,2.6,협력/팬데믹,1~5,,0,0,0,0,,,
104,월면탐험,보드게임,https://shopping-phinf.pstatic.net/main_4557976/45579762327.2.jpg,45579762327,355601,AVAILABLE,1.8,협력/우주,2~5,,0,0,0,0,,,
105,"웬디, 어른이 되렴",머더미스터리,https://encrypted-tbn0.gstatic.com/images?q=tbn:ANd9GcTQhI3WLqS_VF5uxgrCwxXGDLvhaWzC5EMZ8g&s,,,AVAILABLE,2.5,추리/머더,4~5,#머더부,1,0,0,0,,,
106,위쳐 올드 월드,보드게임,https://www.wadiz.kr/ft/images/green001/2022/1125/20221125100503999_50.jpg,,321608,AVAILABLE,3,테마/어드벤처,1~5,#3학점,0,0,0,0,,,
107,위쳐 올드 월드 : 킥스타터 확장,보드게임,https://www.wadiz.kr/ft/images/green001/2022/1125/20221125100503999_50.jpg,,346083,AVAILABLE,3,확장,1~5,#3학점,0,0,0,0,,,
108,윙스팬,보드게임,https://shopping-phinf.pstatic.net/main_5696312/56963122330.20250927183318.jpg,56963122330,266192,AVAILABLE,2.4,엔진빌딩,1~5,#룸메,0,0,0,0,,,
109,이세계를구할완벽한파티입니다만...?,머더미스터리,https://encrypted-tbn0.gstatic.com/images?q=tbn:ANd9GcTqlI426qgxOldCMMoZnlLE2Otw8BXFsZi48w&s,,,AVAILABLE,2.5,추리/머더,4~4,,1,0,0,0,,,
110,이스케이프 룸,보드게임,https://shopping-phinf.pstatic.net/main_2426677/24266770138.20220330020345.jpg,24266770138,204836,AVAILABLE,2.5,방탈출,3~5,,2,0,0,0,,,
111,익스플로딩 키튼,보드게임,https://shopping-phinf.pstatic.net/main_4829380/48293808632.20241025052434.jpg,48293808632,172225,AVAILABLE,1.08,파티,2~5,,0,0,0,0,,,
112,인디언포커,플레잉카드,https://shopping-phinf.pstatic.net/main_8782149/87821496185.6.jpg,87821496185,,AVAILABLE,1,카드,2~6,,0,0,0,0,,,
113,인사이더,보드게임,https://shopping-phinf.pstatic.net/main_5300279/53002797745.20250213202914.jpg,53002797745,160917,AVAILABLE,1.4,마피아,4~8,#마피아,0,0,0,0,,,
114,인세인 1,TRPG,https://image.yes24.com/goods/64240559/XL,,,AVAILABLE,2,TRPG,3~5,,0,0,0,0,,,
115,인세인 2,TRPG,https://contents.kyobobook.co.kr/sih/fit-in/458x0/pdt/9791188546039.jpg,,,AVAILABLE,2,TRPG,3~5,,0,0,0,0,,,
116,인코그니토,보드게임,https://shopping-phinf.pstatic.net/main_3589473/35894737144.20221118083422.jpg,35894737144,40,AVAILABLE,2.6,추리/협력,3~4,,0,0,0,0,,,
117,자두야 종치기하자,보드게임,https://shopping-phinf.pstatic.net/main_5521372/55213720287.jpg,55213720287,2944,AVAILABLE,1.05,순발력,2~6,#순발력,0,0,0,0,,,
118,정령섬,보드게임,https://shopping-phinf.pstatic.net/main_9011713/90117138360.jpg,90117138360,162886,RENTED,4,협력/전략,1~4,#3학점,3,1,0,0,권뿔뿔,2025-12-13T14:57:19.071Z,
119,정령섬 : 가지와 발톱,보드게임,https://i.namu.wiki/i/4PC609lth0SJcWz0_xltvuk30At4b0RQoT6p40iHav2km6ZK9kD-wzpzNiiIpIDi6y0ZOMMyp43KVzOEKdFlWQ.webp,,231732,AVAILABLE,4,확장,1~4,,0,0,0,0,,,
120,젝스 님트!,보드게임,https://shopping-phinf.pstatic.net/main_2182327/21823270325.20210602140139.jpg,21823270325,414,AVAILABLE,1.2,카드/전략,2~10,,0,0,0,0,,,
121,지도 제작자들,보드게임,https://shopping-phinf.pstatic.net/main_3941241/39412412694.20230416083318.jpg,39412412694,263918,AVAILABLE,1.8,드로잉,1~100,,0,0,0,0,,,
122,진실카드게임,보드게임,https://shopping-phinf.pstatic.net/main_8061077/80610772647.4.jpg,80610772647,,AVAILABLE,1,파티,2~6,,0,0,0,0,,,
123,천안대학교 민속학연구동아리 활동보고서,머더미스터리,https://shopping-phinf.pstatic.net/main_8297209/82972098193.jpg,82972098193,,AVAILABLE,2.5,추리/머더,4~5,#머더부,0,0,0,0,,,
124,체스,보드게임,https://shopping-phinf.pstatic.net/main_8797853/87978536033.1.jpg,87978536033,171,AVAILABLE,2.6,전략,2~2,,0,0,0,0,,,
125,최종변론,보드게임,https://shopping-phinf.pstatic.net/main_8581790/85817904787.jpg,85817904787,,AVAILABLE,1,파티,1~2,,2,0,0,0,,,
126,칭찬 베이커리,보드게임,https://shopping-phinf.pstatic.net/main_5781703/57817032304.1.jpg,57817032304,,AVAILABLE,1,파티,1~6,,0,0,0,0,,,
127,카나리아는 지저귀지 않는다,머더미스터리,https://shopping-phinf.pstatic.net/main_5728120/57281200932.1.jpg,57281200932,,AVAILABLE,2.5,추리/머더,4~4,,0,0,0,0,,,
128,카르네이데스의 음영,머더미스터리,https://mblogthumb-phinf.pstatic.net/MjAyNDEyMTRfNzMg/MDAxNzM0MTg2NTY0ODc3.UINjyiM6LT04tmGe4eNrOmtlFnHkxHxJwtMztDG1B1Qg.-nkyll71Bdi2ZpaKj6txUlB3la_-EnKSqth2RFMxvFwg.JPEG/20241213_181150_resized.jpg?type=w400,,,AVAILABLE,2.5,추리/머더,4~8,,0,0,0,0,,,
129,카르카손,보드게임,https://shopping-phinf.pstatic.net/main_3574064/35740645402.20250325013146.jpg,35740645402,822,AVAILABLE,1.9,타일놓기,2~5,,0,0,0,0,,,
130,카르타벤추라 : 라싸,보드게임,https://shopping-phinf.pstatic.net/main_4067790/40677902169.jpg,40677902169,341908,AVAILABLE,1.5,역사/카드,1~6,,0,0,0,0,,,
131,카르타벤추라 : 빈란드,보드게임,https://shopping-phinf.pstatic.net/main_4716834/47168340346.jpg,47168340346,341907,AVAILABLE,1.5,역사/카드,1~6,,0,0,0,0,,,
132,카르타벤추라 : 오클라호마,보드게임,https://shopping-phinf.pstatic.net/main_5772773/57727730244.20251111232816.jpg,57727730244,358055,AVAILABLE,1.5,역사/카드,1~6,,0,0,0,0,,,
133,카리바,보드게임,https://shopping-phinf.pstatic.net/main_5696282/56962826400.20250927180039.jpg,56962826400,193233,AVAILABLE,1.2,카드,2~4,,0,0,0,0,,,
134,카멜 업,보드게임,https://i.namu.wiki/i/92e4qSOjNzziv5K4AQMBTtpLUe406JO4wgRivLCOt0KnGU-9q84vTcCCoF3g8FN1fpzQHcUKLkTIevZpEgdbmQ.webp,,153938,AVAILABLE,1.5,경주/베팅,2~8,,0,0,0,0,,,
135,카탄,보드게임,https://shopping-phinf.pstatic.net/main_4239223/42392231491.20230902141838.jpg,42392231491,13,AVAILABLE,2.3,거래/건설,3~4,#룸메,2,0,0,0,,,
136,카탄 확장판 : 항해사,보드게임,https://shopping-phinf.pstatic.net/main_5425921/54259216456.20250822010704.jpg,54259216456,2538,AVAILABLE,2.3,확장,3~6,#룸메,0,0,0,0,,,
198,캐스캐디아,보드게임,https://shopping-phinf.pstatic.net/main_8737186/87371862305.3.jpg,87371862305,295947,AVAILABLE,1.8,타일/동물,1~4,#룸메 #25,1,0,0,0,,,
137,캠프 파이어 퀘스천 카드,보드게임,https://shopping-phinf.pstatic.net/main_2401377/24013778209.20240613084208.jpg,24013778209,,AVAILABLE,1,파티,3~8,,0,0,0,0,,,
138,커피 러시,보드게임,https://shopping-phinf.pstatic.net/main_4134344/41343448157.20231121074839.jpg,41343448157,383325,AVAILABLE,2,엔진빌딩,2~4,,0,0,0,0,,,
139,코드네임,보드게임,https://shopping-phinf.pstatic.net/main_8153014/81530145981.1.jpg,81530145981,178900,AVAILABLE,1.3,단어/파티,2~8,,0,0,0,0,,,
140,코로나가 잦아든 땅에서 / 서양식 갑옷이 우는 저택,머더미스터리,https://encrypted-tbn0.gstatic.com/images?q=tbn:ANd9GcSSJMrMFuragniuNiJidBTfdHlK3ayTipixQg&s,,,AVAILABLE,2.5,추리/머더,4~5,#머더부,2,0,0,0,,,
141,쿠,보드게임,https://encrypted-tbn0.gstatic.com/images?q=tbn:ANd9GcTZyaRD-amjBNzcjWqeG1J5Bke_nPy1KQTTxA&s,,131357,AVAILABLE,1.4,블러핑,2~6,#룸메,0,0,0,0,,,
142,쿼스천 카드 클래식,보드게임,https://shopping-phinf.pstatic.net/main_8974460/89744602536.jpg,89744602536,,AVAILABLE,1,파티,3~6,,0,0,0,0,,,
143,크베들린부르크의 돌팔이 약장수,보드게임,https://shopping-phinf.pstatic.net/main_2401375/24013754443.20250710060032.jpg,24013754443,244521,AVAILABLE,1.95,운/전략,2~4,,0,0,0,0,,,
144,크베들린부르크의 돌팔이 약장수,보드게임,https://shopping-phinf.pstatic.net/main_2401375/24013754443.20250710060032.jpg,24013754443,244521,AVAILABLE,1.95,운/전략,2~4,,0,0,0,0,,,
146,크툴루의 부름 : 수호자 룰북,TRPG,https://shopping-phinf.pstatic.net/main_5753360/57533604293.jpg,57533604293,,AVAILABLE,2.5,TRPG,2~6,,0,0,0,0,,,
147,클루,보드게임,https://shopping-phinf.pstatic.net/main_8388165/83881658577.3.jpg,83881658577,1294,AVAILABLE,1.6,추리,2~6,,0,0,0,0,,,
148,킹 솔로몬,보드게임,https://shopping-phinf.pstatic.net/main_8766832/87668327847.jpg,87668327847,,AVAILABLE,2,전략,3~5,,0,0,0,0,,,
149,타불라의 늑대,보드게임,https://shopping-phinf.pstatic.net/main_6722268/6722268237.20171129133815.jpg,6722268237,134352,AVAILABLE,1.3,마피아,8~18,#마피아,0,0,0,0,,,
150,타임 스토리즈,보드게임,https://shopping-phinf.pstatic.net/main_8222057/82220578506.jpg,82220578506,146508,AVAILABLE,2.6,스토리/협력,2~4,#3학점,0,0,0,0,,,
151,타임 스토리즈 : 가면 아래에서,보드게임,https://shopping-phinf.pstatic.net/main_8992183/89921835128.jpg,89921835128,206622,AVAILABLE,2.6,확장,2~4,#3학점,0,0,0,0,,,
152,타임 스토리즈 : 용의 예언,보드게임,https://shopping-phinf.pstatic.net/main_8222057/82220578506.jpg,82220578506,206623,AVAILABLE,2.6,확장,2~4,#3학점,0,0,0,0,,,
153,타임 스토리즈 : 해변의 형제단,보드게임,https://shopping-phinf.pstatic.net/main_8992183/89921835128.jpg,,240243,AVAILABLE,2.6,확장,2~4,#3학점,0,0,0,0,,,
154,타코 캣 고트 치즈 피자,보드게임,https://shopping-phinf.pstatic.net/main_8603001/86030011754.jpg,86030011754,253663,AVAILABLE,1.05,파티,2~8,#순발력,1,0,0,0,,,
155,타코 캣 고트 치즈 피자,보드게임,https://shopping-phinf.pstatic.net/main_8603001/86030011754.jpg,86030011754,253663,AVAILABLE,1.05,파티,2~8,#순발력,0,0,0,0,,,
156,탁상탐정단 : 얼굴없는 앨리스,머더미스터리,https://shopping-phinf.pstatic.net/main_9012201/90122019993.jpg,90122019993,,AVAILABLE,2.5,추리/머더,2~4,,2,0,0,0,,,
157,탑텐 TV,보드게임,https://shopping-phinf.pstatic.net/main_5789470/57894702442.jpg,57894702442,296906,AVAILABLE,1.5,파티,4~9,,0,0,0,0,,,
158,테라포밍 마스,보드게임,https://shopping-phinf.pstatic.net/main_3497763/34977638884.20220930093239.jpg,34977638884,167791,AVAILABLE,3.25,전략/경제,1~5,#3학점,0,0,0,0,,,
159,테라포밍 마스,보드게임,https://shopping-phinf.pstatic.net/main_3497763/34977638884.20220930093239.jpg,34977638884,167791,AVAILABLE,3.25,전략/경제,1~5,#3학점,0,0,0,0,,,
160,트래지디 루퍼,보드게임,https://m.mtsgames.kr/web/upload/NNEditor/20220902/286aa1f19b4be279ae2ff6c6a537d9a8.jpg,,148319,AVAILABLE,3.5,추리/루프,2~4,#3학점,0,0,0,0,,,
161,트랙스 : 사이렌 베이,보드게임,https://shopping-phinf.pstatic.net/main_4245101/42451018475.20230905203854.jpg,42451018475,356123,AVAILABLE,1.5,추리,1~10,,0,0,0,0,,,
162,티츄,보드게임,https://shopping-phinf.pstatic.net/main_4060400/40604007539.20230614222904.jpg,40604007539,215,AVAILABLE,2.3,클라이밍,3~6,#룸메,1,1,0,0,,,
163,티켓 투 라이드 : 유럽,보드게임,https://shopping-phinf.pstatic.net/main_4189782/41897829383.20240103174954.jpg,41897829383,14996,AVAILABLE,1.9,가족/전략,2~5,,0,0,0,0,,,
164,파랑새,머더미스터리,https://media.bunjang.co.kr/product/347899249_3_1763457000_w360.jpg,,,AVAILABLE,2.5,추리/머더,4~5,,0,0,0,0,,,
165,판타지 왕국,보드게임,https://encrypted-tbn0.gstatic.com/images?q=tbn:ANd9GcQ0sUuTnPPfyF1FN9P8gPb_z0E8Hx-ewwSILA&s,,228660,AVAILABLE,1.7,카드/콤보,2~6,,0,0,0,0,,,
166,패치워크,보드게임,https://shopping-phinf.pstatic.net/main_4333301/43333014251.20231019115408.jpg,43333014251,163412,AVAILABLE,1.6,퍼즐/타일,2~2,,0,0,0,0,,,
167,팬데믹,보드게임,https://shopping-phinf.pstatic.net/main_5497341/54973417230.20251125034111.jpg,54973417230,30549,AVAILABLE,2.4,협력/질병,2~4,#3학점,0,0,0,0,,,
168,페이퍼 던전,보드게임,https://shopping-phinf.pstatic.net/main_5612444/56124443336.jpg,56124443336,303495,AVAILABLE,2,롤앤라이트,1~100,,0,0,0,0,,,
169,페이퍼 사파리,보드게임,https://cdn.011st.com/11dims/resize/1000x1000/quality/75/11src/product/3996355702/B.jpg?394000000,,275510,AVAILABLE,1.5,카드,2~5,,0,0,0,0,,,
170,펭귄파티,보드게임,https://shopping-phinf.pstatic.net/main_5494287/54942872835.20250524203228.jpg,54942872835,6265,AVAILABLE,1.1,카드,2~6,,0,0,0,0,,,
171,포 더 윈,보드게임,https://shopping-phinf.pstatic.net/main_9006055/90060550212.jpg,90060550212,204065,AVAILABLE,1.5,추상전략,2~2,,0,0,0,0,,,
172,푸에르토 리코,보드게임,https://shopping-phinf.pstatic.net/main_4563307/45633071467.20240320142608.jpg,45633071467,3076,AVAILABLE,3.3,전략/경제,3~5,#3학점,0,0,0,0,,,
173,플레이어님! 어느 성좌가 좋아?,보드게임,,,,AVAILABLE,1.5,파티,2~10,,0,0,0,0,,,
174,피아스코,TRPG,https://contents.kyobobook.co.kr/sih/fit-in/458x0/pdt/9788988060261.jpg,,,AVAILABLE,2,TRPG,3~5,,0,0,0,0,,,
175,할리갈리,보드게임,https://shopping-phinf.pstatic.net/main_5591547/5591547578.20210420091459.jpg,5591547578,2944,AVAILABLE,1.02,순발력,2~6,#순발력 #팀모임,2,1,0,0,,,
2033,할리갈리,보드게임,https://shopping-phinf.pstatic.net/main_5591547/5591547578.20210420091459.jpg,,,AVAILABLE,1.02,순발력,2~4인,#순발력 #팀모임 #25,1,0,0,0,,,
176,해저탐험,보드게임,https://cdn.011st.com/11dims/resize/600x600/quality/75/11src/product/2258266271/B.jpg?290000000,,169654,AVAILABLE,1.1,운/파티,2~6,,0,0,0,0,,,
177,ARCH ENEMY.,보드게임,https://shopping-phinf.pstatic.net/main_4439628/44396288567.20250222173433.jpg,44396288567,,AVAILABLE,1.2,전략,2~4,,0,0,0,0,,,
178,BCG PLAYING CARDS,플레잉카드,,,,AVAILABLE,1,카드,2~10,,2,0,0,0,,,
179,COSMIC CLASH,보드게임,https://shopping-phinf.pstatic.net/main_9018887/90188871665.jpg,90188871665,,AVAILABLE,1.5,대전,2~4,,2,0,0,0,,,
180,EXIT : 수수께끼의 집,보드게임,https://shopping-phinf.pstatic.net/main_4251409/42514095618.20230911170212.jpg,42514095618,226520,AVAILABLE,2.5,방탈출,1~4,,0,0,0,0,,,
181,KOREA CAT PLAYING CARDS,플레잉카드,https://shopping-phinf.pstatic.net/main_8508827/85088278909.jpg,85088278909,,AVAILABLE,1,카드,2~10,,0,0,0,0,,,
182,LOTTY'S PLAYING CARDS,플레잉카드,,,,AVAILABLE,1,카드,2~10,,0,0,0,0,,,
183,MAGIC MAZE,보드게임,https://shopping-phinf.pstatic.net/main_4661313/46613139904.20240324133333.jpg,46613139904,209778,AVAILABLE,1.5,실시간/협력,1~8,#순발력,0,0,0,0,,,
184,MINECRAFT EXPLORERS,보드게임,https://shopping-phinf.pstatic.net/main_5629094/56290940104.1.jpg,56290940104,403248,AVAILABLE,1.5,협력,1~4,,0,0,0,0,,,
185,OX 카운팅 퀘스천카드,보드게임,https://shopping-phinf.pstatic.net/main_9015722/90157227393.jpg,90157227393,,AVAILABLE,1,파티,2~10,,0,0,0,0,,,
186,QE,보드게임,https://i.namu.wiki/i/3tDfcpQDjscOCiRzJYfj4_nLh4qY_Yj-rgu4w0_dSlDVEThi428PYTHRC__JvC_MybdlmW0950aD4kfXn8tKnw.webp,,266830,AVAILABLE,1.8,경매,3~5,,0,0,0,0,,,
187,RED ROOM,보드게임,https://img.tumblbug.com/eyJidWNrZXQiOiJ0dW1ibGJ1Zy1pbWctcHJvZCIsImtleSI6ImNvdmVyL2VkN2NlOTY5LTY5MTYtNDdhZS1iOWI4LTRhNjE2Yjk2MTUxZS84Yzk3NGYzYS1jMjlhLTRmYmUtOTU1Yy04NGQzZjFmYzRmOWEucG5nIiwiZWRpdHMiOnsicmVzaXplIjp7IndpZHRoIjoxMDAwLCJoZWlnaHQiOjEwMDAsIndpdGhvdXRFbmxhcmdlbWVudCI6dHJ1ZSwiZml0IjpudWxsfSwicm91bmRDcm9wIjpmYWxzZSwicm90YXRlIjpudWxsfX0=,,,AVAILABLE,1.5,전략,3~6,,0,0,0,0,,,
188,Spot it!,보드게임,https://shopping-phinf.pstatic.net/main_3321217/33212178437.20220630150640.jpg,33212178437,63268,AVAILABLE,1.1,순발력,2~8,#순발력,0,0,0,0,,,
189,SURVIVE,보드게임,https://shopping-phinf.pstatic.net/main_8569680/85696805773.jpg,85696805773,2653,AVAILABLE,2.2,생존,2~4,,0,0,0,0,,,
190,TEXAS HOLD'EM POKER SET,플레잉카드,https://shopping-phinf.pstatic.net/main_9010847/90108475830.jpg,90108475830,,AVAILABLE,1,카드,2~8,,0,0,0,0,,,
191,TEXAS HOLD'EM POKER SET,플레잉카드,https://shopping-phinf.pstatic.net/main_9010847/90108475830.jpg,90108475830,,AVAILABLE,1,카드,2~8,,0,0,0,0,,,
192,TEXAS HOLD'EM POKER SET,플레잉카드,https://shopping-phinf.pstatic.net/main_9010847/90108475830.jpg,90108475830,,AVAILABLE,1,카드,2~8,,0,0,0,0,,,
